[
  {
    "id": "fxcm",
    "name": "FXCM (example)",
    "region": "Global",
    "regulation": "FCA, CySEC",
    "min_deposit": "$50",
    "features": [
      "MT4",
      "MT5",
      "Copy Trading"
    ],
    "affiliate_url": "https://example.com/affiliate/fxcm"
  },
  {
    "id": "ig",
    "name": "IG (example)",
    "region": "Global",
    "regulation": "FCA, ASIC",
    "min_deposit": "$0",
    "features": [
      "Proprietary Platform",
      "Mobile App"
    ],
    "affiliate_url": "https://example.com/affiliate/ig"
  }
]